Workbook

Sheet Cover
B2: 57 Rathbeale Road
B3: CRC Omni Unit 48A — Day-1 Findings v0.1
B4: Wednesday 27 May 2026 — initial findings from Stage 2C registers + Fire Part B report
B6: Severity rollup (v0.1)
B8: CRITICAL | C8: 3
B9: HIGH | C9: 11
B10: MEDIUM | C10: 11
B11: LOW | C11: 5
B12: TOTAL | C12: 30
B15: Scope of v0.1 (documents reviewed)
B17: • Architectural Drawing Register (11606-RG-RHA-AR-0001) — 2 pages
B18: • C&S Drawing Register (DR01) — 1 page
B19: • M&E Drawing Issue Sheets 1, 2, 3 of 3 (1743_Drgissue 2C) — 3 pages
B20: • Fire Part B Compliance Report (22481-Stage 2C) — 5 pages
B21: • Pack manifest cross-reference (file inventory of 161 connected files)
B24: Not yet reviewed (Day 2-7 work)
B26: • Architectural Works Specification (216 pages)
B27: • C&S Specifications (Rathbeale Rd) (122 pages)
B28: • Mechanical Specification (117 pages)
B29: • Electrical Specification (105 pages)
B30: • All individual drawings (~150 PDFs across all 4 disciplines)
... B32: • Contract documentation set (NOT IN CURRENT PACK — see Pack Manifest gap analysis)

Sheet Findings
A1: Finding ID | B1: Discipline | C1: Severity | D1: Category | E1: Document | F1: Section / Location | G1: Regulatory basis | H1: Operational risk | I1: Recommended action | J1: Evidence quote | K1: Source file (PDF + page) | L1: Owner | M1: Status
A2: C-001 | B2: CONTRACT/PACK | C2: CRITICAL | D2: DOCUMENT_HYGIENE | E2: Multiple — Arch register, M&E issue sheet, Fire Stage 2C report | F2: Project title block / header across all 3 packs | G2: PW-CF5 Conditions of Contract Clause 1.1 (definitions); SI 9/2014 Reg 5 (consistency of design info); CWMF ARM4 §A1.2 (single project identity) | H2: Three different project descriptors create ambiguity over what is being tendered. At award, the executed contract may reference a description that does not match drawings or specifications, creating dispute potential and challenging BCAR compliance. | I2: Issue a single project descriptor instruction: '57 Rathbeale Road CRC Children's Disability Network Team — Day Care Centre, Swords, Co. Dublin K67 EP62'. Update all discipline pack title blocks to this exact descriptor before tender issue. Confirm legal Employer entity (HSE per M&E sheet vs. CRC per project brief vs. Building Owner) on FOT Schedule Part 1. | J2: M&E Drawing Issue Sheet: 'HSE HEALTH CARE CENTRE / RATHBEALE ROAD'; Arch Drawing Register: 'Project Title: Rathbeale Rd Day Care / Client: HSE'; Fire Report: '57 Rathbeale Road, Swords, Co. Dublin, K67 EP62'. | K2: 11606-RG-RHA-AR-0001 Drawing Register p.1 / 1743_Drgissue 2C Sheet 1 / 22481-Stage 2C Report p.1 | L2: EMPLOYER | M2: OPEN
A3: C-002 | B3: CONTRACT/PACK | C3: CRITICAL | D3: DOCUMENT_HYGIENE | E3: All discipline registers | F3: Issue dates across discipline packs | G3: CWMF ARM4 §A2 (coherent tender pack issue); SI 9/2014 Reg 9 (designer responsibility for issued info) | H3: Tender pack is not a single coherent issue. Tenderers cannot rely on a single 'issue date' as the price-baseline. Variations may be claimed against information issued at different times. | I3: Reissue all discipline packs to a single coordinated tender issue date with consistent revision codes. State 'Issued for Tender — DD-MMM-2026' on every title block. Lock CDE issue date. | J3: Arch: P08-S (no explicit date on register); C&S: 08/05/26; M&E: 13-MAY-26; Fire: 31/03/2026. | K3: All 4 register PDFs | L3: ER | M3: OPEN
A4: C-003 | B4: CONTRACT/PACK | C4: CRITICAL | D4: COMPLIANCE | E4: Fire Part B Compliance Report (22481-Stage 2C Report) | F4: Notes 12-15 (p.5) | G4: SI 496/2009 Building Control Regulations §11; SI 9/2014 (BCAR); TGD-B 2024 | H4: Existing granted FSC dated 19/08/2025 with 7 conditions. Design changes 31/03/2026 (external store under stairs, bin→bike store, Activity Room 13 reconfig) formally determined by SFPO Keith Boland 08/04/2026 to require REVISED FSC and DAC. Tenderer must price for revised FSC submission process AND for compliance with both the original 7 conditions and any conditions on the revised grant. Commencement may issue on existing FSC, but occupation is blocked until revised FSC and DAC are granted. | I4: (1) Add explicit clause in Preliminaries: 'Contractor shall allow for compliance with the granted FSC and its 7 conditions, and shall allow for cooperation with Design Team submission of revised FSC and DAC during construction. Occupation is contingent on grant of revised FSC and DAC.' (2) Issue all 7 FSC conditions as a tenderer-facing schedule. (3) Confirm position on Activity Room 13 / bike store / external store scope freeze before tender issue. | J4: Fire Report Note 14: 'It was determined on 08/04/2026 following a formal response from SFPO Keith Boland that the works were not considered minor enough such that under Section 11 of SI 496 of the Building Control Regulations a revised FSC and DAC would be required.' Note 15: 'commencement can still be issued on the basis of the existing granted FSC. However, the Revised FSC and DAC must be submitted an granted during the construction phase before the building is occupied.' | K4: 22481-Stage 2C Report-Part B Compliance.pdf p.5 | L4: ER | M4: OPEN
A5: A-001 | B5: ARCHITECTURAL | C5: HIGH | D5: DOCUMENT_HYGIENE | E5: Architectural Drawing Register | F5: Section 15000 (Wall & Partition Types) and Section 17000 (Signage) | G5: BS 1192 / BS EN ISO 19650-2 (CDE controlled-document numbering); RIAI Standard Conditions of Engagement (design info quality) | H5: Two distinct drawings carry the same number 11606-XX-L00-DR-RHA-AR-17001 — one titled 'Wall & Partition Types', one titled 'Signage – Ground Floor'. CDE retrieval will return the wrong drawing. Contractor build risk: wrong document acted on. | I5: Renumber Wall & Partition Types to 11606-XX-L00-DR-RHA-AR-15001 (consistent with Section 15000 numbering). Reissue register and reissue drawing under new number. Withdraw the duplicate-numbered version from CDE. | J5: Register p.1: '15000 WALL & PARTITION TYPES — 11606-XX-L00-DR-RHA-AR-17001 Wall & Partition Types P08-S 1:100 A1' AND '17000 SIGNAGE — 11606-XX-L00-DR-RHA-AR-17001 Signage - Ground Floor P08-S 1:100 A1' | K5: 11606-RG-RHA-AR-0001 Drawing Register p.1 | L5: ARCH_DESIGNER | M5: OPEN
A6: A-002 | B6: ARCHITECTURAL | C6: HIGH | D6: DOCUMENT_HYGIENE | E6: Architectural Drawing Register | F6: Section 31000 Detail Wall Sections | G6: BS 1192 / BS EN ISO 19650-2 | H6: Drawing number 11606-XX-ZZZ-DR-RHA-AR-31001 is used for both 'Detail Wall Section - Sheet 1' AND 'Detail Wall Section - Sheet 2'. Ambiguity on CDE retrieval. | I6: Renumber Sheet 2 to 31002. File inventory shows 31001, 31002, 31003 present in pack, so register entry is the error — correct the register. | J6: Register p.1: '11606-XX-ZZZ-DR-RHA-AR-31001 Detail Wall Section - Sheet 1' and immediately below '11606-XX-ZZZ-DR-RHA-AR-31001 Detail Wall Section - Sheet 2'. | K6: 11606-RG-RHA-AR-0001 Drawing Register p.1 | L6: ARCH_DESIGNER | M6: OPEN
A7: A-003 | B7: ARCHITECTURAL | C7: HIGH | D7: DOCUMENT_HYGIENE | E7: Architectural pack delivery | F7: Site Drawings (Section 10000), Room Layouts 60009/60029-60032, Details 51005/52001/53001-53002/55001/57001-57013/59001-59004, RCP 70001 | G7: CWMF ARM4 (pack completeness for tender issue); SI 9/2014 (designer obligation) | H7: Architectural register lists drawings 10004-10010 (Site Plan, Site Sections 1-6), 10014-10016 (Entrance details), 51005, 52001, 53001, 53002, 55001, 57001-57013, 59001-59004, 60009, 60029-60032, 70001 — but file inventory of the connected pack shows these NOT present. Register notes 'External works package to be issued by COB 22nd May' and 'Drawings to be issued by COB 21st May'. Today is 27-May-2026 — completeness unconfirmed. | I7: Confirm status of external works package and outstanding drawings. If not issued, schedule date for issue. Pack cannot proceed to tender with drawings listed-but-not-present. | J7: Register margin annotations: 'External works package to be issued by COB 22nd May' and 'Drawings to be issued by COB 21st May'. File inventory confirms absence. | K7: 11606-RG-RHA-AR-0001 Drawing Register p.1-2 + pack manifest | L7: ARCH_DESIGNER | M7: OPEN
A8: A-004 | B8: ARCHITECTURAL | C8: MEDIUM | D8: DOCUMENT_HYGIENE | E8: Architectural Drawing Register | F8: Section heading '3000 SECTIONS' | G8: Internal numbering convention | H8: Section heading shows '3000' but should be '30000' to match 5-digit hierarchy used elsewhere in the register (10000, 11000, 13000, 15000, 17000, 20000, 25000, 31000…). Inconsistent hierarchy may confuse CDE filing. | I8: Correct register section heading to '30000 SECTIONS'. | J8: Register p.1: '3000 SECTIONS' immediately preceding drawings 11606-XX-ZZZ-DR-RHA-AR-30001/30002. | K8: 11606-RG-RHA-AR-0001 Drawing Register p.1 | L8: ARCH_DESIGNER | M8: OPEN
A9: A-005 | B9: ARCHITECTURAL | C9: MEDIUM | D9: DOCUMENT_HYGIENE | E9: Architectural Drawing Register | F9: Room 0.09 Accessible WC and Room 0.32 Meeting & Consultation | G9: Register completeness | H9: Register page 2 omits drawing for Room 0.09 (between 0.08 and 0.10) but file inventory shows 60009 present in pack. Register layout corruption — room 0.32 layout split across two rows. Pack reality vs register state drift. | I9: Reissue register page 2 with all room layout drawings consistently listed including 0.09 Accessible WC. | J9: Register p.2 jumps from '11606-XX-L00-DR-RHA-AR-60008 0.08 - Group Therapy Room' to '11606-XX-L00-DR-RHA-AR-60010 0.10 - Sensory Room' — 60009 absent. File '60009- 0.09 Accessible WC.pdf' confirmed present in pack. | K9: 11606-RG-RHA-AR-0001 Drawing Register p.2 + pack manifest | L9: ARCH_DESIGNER | M9: OPEN
A10: A-006 | B10: ARCHITECTURAL | C10: MEDIUM | D10: DOCUMENT_HYGIENE | E10: Architectural Drawing Register | F10: Status code P08-S vs declared issue purpose 'T' (Tender) | G10: BS EN ISO 19650-2 §5.3.2 (status code use) | H10: All drawings carry status 'P08-S' (typically Preliminary, suitability code S). Register issue list shows 'T' (Tender) for all recipients. P08-S Preliminary is NOT a tender-issue status code. Recipients may treat drawings as not-for-tender. | I10: Update all drawing status codes to a tender-issue suitability (e.g. S4 or A1 per ISO 19650 conventions used in Ireland). Reissue register to confirm tender purpose. | J10: Register p.1-2: Every drawing carries 'P08-S'. Legend p.2: 'T - tender' listed as issue purpose. | K10: 11606-RG-RHA-AR-0001 Drawing Register p.1-2 | L10: ARCH_DESIGNER | M10: OPEN
A11: A-007 | B11: ARCHITECTURAL | C11: LOW | D11: DOCUMENT_HYGIENE | E11: Architectural Drawing Register | F11: AR-40010 Ironmongery & Access Control Plan & Schedule | G11: Register accuracy | H11: Spelling error 'Inronmongery' on controlled register. | I11: Correct spelling to 'Ironmongery'. | J11: Register p.1: '11606-XX-XXX-SH-RHA-AR-40010 Inronmongery & Access Control Plan & Schedule'. | K11: 11606-RG-RHA-AR-0001 Drawing Register p.1 | L11: ARCH_DESIGNER | M11: OPEN
A12: A-008 | B12: ARCHITECTURAL | C12: LOW | D12: DOCUMENT_HYGIENE | E12: Architectural Drawing Register | F12: Legend for issue type codes (p.2 bottom) | G12: Documentation hygiene | H12: Letter 'P' is used twice in the issue type legend — once for 'paper' format and once for 'planning' issue purpose. Single character collision creates ambiguity. | I12: Use 'PL' for planning issue (or 'PP' for paper planning) to remove collision. | J12: Register p.2: 'P - paper / P - planning'. | K12: 11606-RG-RHA-AR-0001 Drawing Register p.2 | L12: ARCH_DESIGNER | M12: OPEN
... A31: F-008 | B31: FIRE | C31: MEDIUM | D31: DOCUMENT_HYGIENE | E31: Fire Part B Compliance Report | F31: Report age | G31: Currency of design info at tender issue | H31: Fire Report dated 31/03/2026 — same date as the design changes that triggered the revised FSC/DAC requirement. Today is 27/05/2026 (8 weeks later). Confirm no further design changes since report date that the report does not capture. | I31: Reissue Fire Report dated to coincide with tender issue date, confirming no further design changes or capturing any that have occurred since 31/03/2026. | J31: Fire Report p.1: '31/03/2026'. | K31: 22481-Stage 2C Report p.1 | L31: PSDP | M31: OPEN

Sheet By Discipline
B2: Findings by Discipline × Severity
B4: Discipline | C4: CRITICAL | D4: HIGH | E4: MEDIUM | F4: LOW | G4: TOTAL
B5: ARCHITECTURAL | C5: =COUNTIFS(Findings!$B$2:$B$31,"ARCHITECTURAL",Findings!$C$2:$C$31,"CRITICAL") -> 0 | D5: =COUNTIFS(Findings!$B$2:$B$31,"ARCHITECTURAL",Findings!$C$2:$C$31,"HIGH") -> 3 | E5: =COUNTIFS(Findings!$B$2:$B$31,"ARCHITECTURAL",Findings!$C$2:$C$31,"MEDIUM") -> 3 | F5: =COUNTIFS(Findings!$B$2:$B$31,"ARCHITECTURAL",Findings!$C$2:$C$31,"LOW") -> 2 | G5: =COUNTIF(Findings!$B$2:$B$31,"ARCHITECTURAL") -> 8
B6: C&S | C6: =COUNTIFS(Findings!$B$2:$B$31,"C&S",Findings!$C$2:$C$31,"CRITICAL") -> 0 | D6: =COUNTIFS(Findings!$B$2:$B$31,"C&S",Findings!$C$2:$C$31,"HIGH") -> 3 | E6: =COUNTIFS(Findings!$B$2:$B$31,"C&S",Findings!$C$2:$C$31,"MEDIUM") -> 2 | F6: =COUNTIFS(Findings!$B$2:$B$31,"C&S",Findings!$C$2:$C$31,"LOW") -> 2 | G6: =COUNTIF(Findings!$B$2:$B$31,"C&S") -> 7
B7: CONTRACT/PACK | C7: =COUNTIFS(Findings!$B$2:$B$31,"CONTRACT/PACK",Findings!$C$2:$C$31,"CRITICAL") -> 3 | D7: =COUNTIFS(Findings!$B$2:$B$31,"CONTRACT/PACK",Findings!$C$2:$C$31,"HIGH") -> 0 | E7: =COUNTIFS(Findings!$B$2:$B$31,"CONTRACT/PACK",Findings!$C$2:$C$31,"MEDIUM") -> 0 | F7: =COUNTIFS(Findings!$B$2:$B$31,"CONTRACT/PACK",Findings!$C$2:$C$31,"LOW") -> 0 | G7: =COUNTIF(Findings!$B$2:$B$31,"CONTRACT/PACK") -> 3
B8: FIRE | C8: =COUNTIFS(Findings!$B$2:$B$31,"FIRE",Findings!$C$2:$C$31,"CRITICAL") -> 0 | D8: =COUNTIFS(Findings!$B$2:$B$31,"FIRE",Findings!$C$2:$C$31,"HIGH") -> 4 | E8: =COUNTIFS(Findings!$B$2:$B$31,"FIRE",Findings!$C$2:$C$31,"MEDIUM") -> 4 | F8: =COUNTIFS(Findings!$B$2:$B$31,"FIRE",Findings!$C$2:$C$31,"LOW") -> 0 | G8: =COUNTIF(Findings!$B$2:$B$31,"FIRE") -> 8
B9: M&E | C9: =COUNTIFS(Findings!$B$2:$B$31,"M&E",Findings!$C$2:$C$31,"CRITICAL") -> 0 | D9: =COUNTIFS(Findings!$B$2:$B$31,"M&E",Findings!$C$2:$C$31,"HIGH") -> 1 | E9: =COUNTIFS(Findings!$B$2:$B$31,"M&E",Findings!$C$2:$C$31,"MEDIUM") -> 2 | F9: =COUNTIFS(Findings!$B$2:$B$31,"M&E",Findings!$C$2:$C$31,"LOW") -> 1 | G9: =COUNTIF(Findings!$B$2:$B$31,"M&E") -> 4
B10: TOTAL | C10: =COUNTIF(Findings!$C$2:$C$31,"CRITICAL") -> 3 | D10: =COUNTIF(Findings!$C$2:$C$31,"HIGH") -> 11 | E10: =COUNTIF(Findings!$C$2:$C$31,"MEDIUM") -> 11 | F10: =COUNTIF(Findings!$C$2:$C$31,"LOW") -> 5 | G10: =COUNTA(Findings!$A$2:$A$31) -> 30
