Workbook

Sheet Dashboard
B2: VerifIQ — Week 1 GTM CRM
B3: Live conversion funnel. Updated as you log outreach in the Tracker tab.
B6: Conversion Funnel | F6: By Channel
B8: Outreach sent (total) | C8: =COUNTA(Tracker!B3:B500) -> 5 | F8: Channel | G8: Sent | H8: Replies
B9: Replies received | C9: =COUNTIF(Tracker!N3:N500,"<>")-COUNTIF(Tracker!N3:N500,"No reply") -> 3 | D9: =IFERROR(C9/C8, 0) -> 0.6 | F9: LinkedIn DM | G9: =COUNTIF(Tracker!C3:C500,"LinkedIn DM") -> 1 | H9: =COUNTIFS(Tracker!C3:C500,"LinkedIn DM",Tracker!N3:N500,"<>"&"")-COUNTIFS(Tracker!C3:C500,"LinkedIn DM",Tracker!N3:N500,"No reply") -> 0
B10: Interested / Booked call | C10: =COUNTIF(Tracker!N3:N500,"Interested") + COUNTIF(Tracker!N3:N500,"Pilot") + COUNTIF(Tracker!N3:N500,"Customer") -> 2 | D10: =IFERROR(C10/C9, 0) -> 0.66666667 | F10: Cold email | G10: =COUNTIF(Tracker!C3:C500,"Cold email") -> 2 | H10: =COUNTIFS(Tracker!C3:C500,"Cold email",Tracker!N3:N500,"<>"&"")-COUNTIFS(Tracker!C3:C500,"Cold email",Tracker!N3:N500,"No reply") -> 1
B11: Pilot signed | C11: =COUNTIF(Tracker!N3:N500,"Pilot") + COUNTIF(Tracker!N3:N500,"Customer") -> 1 | D11: =IFERROR(C11/C10, 0) -> 0.5 | F11: Warm intro | G11: =COUNTIF(Tracker!C3:C500,"Warm intro") -> 2 | H11: =COUNTIFS(Tracker!C3:C500,"Warm intro",Tracker!N3:N500,"<>"&"")-COUNTIFS(Tracker!C3:C500,"Warm intro",Tracker!N3:N500,"No reply") -> 2
B12: Paying customer | C12: =COUNTIF(Tracker!N3:N500,"Customer") -> 0 | D12: =IFERROR(C12/C11, 0) -> 0 | F12: Direct call | G12: =COUNTIF(Tracker!C3:C500,"Direct call") -> 0 | H12: =COUNTIFS(Tracker!C3:C500,"Direct call",Tracker!N3:N500,"<>"&"")-COUNTIFS(Tracker!C3:C500,"Direct call",Tracker!N3:N500,"No reply") -> 0
F13: Event / in person | G13: =COUNTIF(Tracker!C3:C500,"Event / in person") -> 0 | H13: =COUNTIFS(Tracker!C3:C500,"Event / in person",Tracker!N3:N500,"<>"&"")-COUNTIFS(Tracker!C3:C500,"Event / in person",Tracker!N3:N500,"No reply") -> 0
F14: Webinar | G14: =COUNTIF(Tracker!C3:C500,"Webinar") -> 0 | H14: =COUNTIFS(Tracker!C3:C500,"Webinar",Tracker!N3:N500,"<>"&"")-COUNTIFS(Tracker!C3:C500,"Webinar",Tracker!N3:N500,"No reply") -> 0
B17: By Persona Match (which product) | G17: Week 1 Targets
B19: Persona | C19: Outreach sent | D19: Replies | E19: Reply rate | G19: Goal | H19: Target | I19: Actual | J19: On track?
B20: Verify (designer) | C20: =COUNTIF(Tracker!G3:G500,"Verify (designer)") -> 1 | D20: =COUNTIFS(Tracker!G3:G500,"Verify (designer)",Tracker!N3:N500,"<>"&"")-COUNTIFS(Tracker!G3:G500,"Verify (designer)",Tracker!N3:N500,"No reply") -> 0 | E20: =IFERROR(D20/C20, 0) -> 0 | G20: LinkedIn posts live | H20: 5 | I20: =COUNTIF(Tracker!C3:C500,"LinkedIn post") -> 0 | J20: =IF(I20>=H20,"YES","NO") -> NO
B21: Hunt (contractor) | C21: =COUNTIF(Tracker!G3:G500,"Hunt (contractor)") -> 1 | D21: =COUNTIFS(Tracker!G3:G500,"Hunt (contractor)",Tracker!N3:N500,"<>"&"")-COUNTIFS(Tracker!G3:G500,"Hunt (contractor)",Tracker!N3:N500,"No reply") -> 1 | E21: =IFERROR(D21/C21, 0) -> 1 | G21: Cold emails sent | H21: 30 | I21: =COUNTIF(Tracker!C3:C500,"Cold email") -> 2 | J21: =IF(I21>=H21,"YES","NO") -> NO
B22: Studio (sole pract.) | C22: =COUNTIF(Tracker!G3:G500,"Studio (sole pract.)") -> 1 | D22: =COUNTIFS(Tracker!G3:G500,"Studio (sole pract.)",Tracker!N3:N500,"<>"&"")-COUNTIFS(Tracker!G3:G500,"Studio (sole pract.)",Tracker!N3:N500,"No reply") -> 0 | E22: =IFERROR(D22/C22, 0) -> 0 | G22: Warm intros sent | H22: 5 | I22: =COUNTIF(Tracker!C3:C500,"Warm intro") -> 2 | J22: =IF(I22>=H22,"YES","NO") -> NO
B23: Programme (Employer-side) | C23: =COUNTIF(Tracker!G3:G500,"Programme (Employer-side)") -> 1 | D23: =COUNTIFS(Tracker!G3:G500,"Programme (Employer-side)",Tracker!N3:N500,"<>"&"")-COUNTIFS(Tracker!G3:G500,"Programme (Employer-side)",Tracker!N3:N500,"No reply") -> 1 | E23: =IFERROR(D23/C23, 0) -> 1 | G23: Channel partner pitches | H23: 2 | I23: =COUNTIF(Tracker!G3:G500,"Channel partner") -> 1 | J23: =IF(I23>=H23,"YES","NO") -> NO
B24: Channel partner | C24: =COUNTIF(Tracker!G3:G500,"Channel partner") -> 1 | D24: =COUNTIFS(Tracker!G3:G500,"Channel partner",Tracker!N3:N500,"<>"&"")-COUNTIFS(Tracker!G3:G500,"Channel partner",Tracker!N3:N500,"No reply") -> 1 | E24: =IFERROR(D24/C24, 0) -> 1 | G24: Pilot proposals | H24: 1 | I24: =COUNTIF(Tracker!N3:N500,"Pilot proposal sent") -> 0 | J24: =IF(I24>=H24,"YES","NO") -> NO
G25: Conversations booked | H25: 5 | I25: =COUNTIF(Tracker!N3:N500,"Interested") + COUNTIF(Tracker!N3:N500,"Pilot") -> 2 | J25: =IF(I25>=H25,"YES","NO") -> NO

Sheet Tracker
A1: VerifIQ — Outreach Tracker — Add a row per outreach attempt. Yellow cells you fill in; everything else is reference.
A2: Date sent | B2: Recipient name | C2: Channel | D2: Firm / org | E2: Role / title | F2: Source of contact | G2: Persona match | H2: Personalisation hook | I2: Template used | J2: F/U 1 date | K2: F/U 2 date | L2: F/U 3 date | M2: Reply received? | N2: Outcome | O2: Next action | P2: Notes
A3: 2026-06-01 | B3: Mary O'Sullivan | C3: Cold email | D3: Murphy Hennessy Architects | E3: Partner | F3: RIAI directory | G3: Verify (designer) | H3: Recent Carlow project completion post | I3: 3.1 Designer cold | J3: 2026-06-05 | K3: 2026-06-13 | M3: No reply | N3: No reply | O3: Wait for F/U 2 | P3: Active RIAI member, possible pilot
A4: 2026-06-02 | B4: Sean Walsh | C4: Cold email | D4: BAM Ireland | E4: Pre-Con Director | F4: LinkedIn | G4: Hunt (contractor) | H4: Posted about CWMF tender quality last week | I4: 3.2 Contractor cold | J4: 2026-06-06 | M4: Yes | N4: Interested | O4: Book call Wed | P4: Wants to see Hunt sample output before committing
A5: 2026-06-02 | B5: John O'Brien | C5: LinkedIn DM | D5: John O'Brien Architects | E5: Principal (sole) | F5: LinkedIn | G5: Studio (sole pract.) | H5: Small project in Kerry posted | I5: 8.1 Studio DM | M5: No reply | N5: No reply | O5: Send F/U 1 | P5: Solo practitioner, perfect Studio fit
A6: 2026-06-03 | B6: Aisling Murphy | C6: Warm intro | D6: HSE Estates | E6: Capital Programme Manager | F6: Connected via [INTRO] | G6: Programme (Employer-side) | H6: Tom introduced us last week | I6: 4.3 Public-sector intro | M6: Yes | N6: Pilot | O6: Send pilot proposal Fri | P6: Wants to evaluate against 3 active tenders
A7: 2026-06-04 | B7: Anne Doyle | C7: Warm intro | D7: Allianz Construction PI | E7: Practice Lead | F7: Connected via [INTRO] | G7: Channel partner | H7: Tom intro re PI broker partnership | I7: 5.2 PI broker | M7: Yes | N7: Channel meeting booked | O7: Meeting Mon 7am | P7: Allianz writes 30%+ of Irish design PI; high-leverage convo

Sheet Templates
B2: Templates Reference
B3: Quick reference — section numbers map to the Outreach Pack v0.1 document.
B5: § Ref | C5: Template name | D5: Use for | E5: Channel
B6: 2.1 | C6: LinkedIn Mon — The Hook | D6: Launch post, attention grabber (327 finding) | E6: LinkedIn
B7: 2.2 | C7: LinkedIn Tue — Designer Angle | D7: Speak to design partners carrying PI weight | E7: LinkedIn
B8: 2.3 | C8: LinkedIn Wed — Contractor Angle | D8: Pre-con directors, variation exposure | E8: LinkedIn
B9: 2.4 | C9: LinkedIn Thu — Pattern Story | D9: Show market insight, NBS drift exposé | E9: LinkedIn
B10: 2.5 | C10: LinkedIn Fri — Soft Ask | D10: Convert week's engagement | E10: LinkedIn
B11: 3.1 | C11: Cold email — Design Partner (Verify) | D11: RIAI partners, 12-20 yrs PQE | E11: Cold email
B12: 3.2 | C12: Cold email — Pre-Con Director (Hunt) | D12: Top-20 main contractor pre-con leads | E12: Cold email
B13: 3.3 | C13: Cold email — Sole Practitioner (Studio) | D13: Solo RIAI / engineer, €75 trial | E13: Cold email
B14: 3.4 | C14: Cold email — Assigned Certifier (Verify) | D14: Sole-practice Chartered Building Surveyors | E14: Cold email
B15: 4.1 | C15: Warm intro — RIAI Practice Director | D15: Mutual intro to RIAI | E15: Warm intro
B16: 4.2 | C16: Warm intro — PI Broker | D16: Mutual intro to PI underwriter | E16: Warm intro
... B27: 8.2 | C27: Studio cold email | D27: €75 trial framing for sole practitioner | E27: Cold email

Sheet Weekly Review
B2: Weekly Review Template
B3: Use this every Friday afternoon. 15-minute review. Adjust the following week.
B5: Week ending | C5: [Fill in date]
B7: Quantitative review
B8: Outreach sent this week | C8: =Dashboard!C8 -> 5
B9: Replies this week | C9: =Dashboard!C9 -> 3
B10: Conversations booked | C10: =Dashboard!C10 -> 2
B11: Pilots signed | C11: =Dashboard!C11 -> 1
B13: Qualitative review (fill in)
B14: Which template performed best this week?
B15: Which channel produced the best replies?
B16: What objection came up most?
B17: What learning will change next week?
B19: Next week — what changes
B20: Templates to drop / change
B21: New segments to add
B22: Personalisation patterns to try
B23: Channels to lean in / dial back

Sheet Target List
B2: Top 50 Target List — Week 1
B3: Pre-built target list — populate names from RIAI directory, IEI member listings, LinkedIn searches. 10 per persona.
B5: # | C5: Persona | D5: Firm / Body | E5: Name | F5: Role | G5: LinkedIn / contact | H5: Researched? | I5: Outreach plan | J5: Status
B6: 1 | C6: Verify (designer)
B7: 2 | C7: Verify (designer)
B8: 3 | C8: Verify (designer)
B9: 4 | C9: Verify (designer)
B10: 5 | C10: Verify (designer)
B11: 6 | C11: Verify (designer)
B12: 7 | C12: Verify (designer)
B13: 8 | C13: Verify (designer)
B14: 9 | C14: Verify (designer)
B15: 10 | C15: Verify (designer)
B16: 11 | C16: Hunt (contractor)
B17: 12 | C17: Hunt (contractor)
... B55: 50 | C55: Channel partner
